id,char,kind,text,direction
b_selma_attack_1,selma,attack,はっ！,"crisp sharp breath-shout on a straight sword thrust"
b_selma_attack_2,selma,attack,せやっ！,"firm disciplined strike cry"
b_selma_attack_3,selma,attack,通さない！,"stepping forward to block the way, resolute"
b_selma_bigtech_1,selma,bigtech,この剣、曲げはしない！,"proud and upright, full of conviction, ringing"
b_selma_bigtech_2,selma,bigtech,正面から、断つ！,"steady focus then a decisive cut, strong"
b_selma_spell_1,selma,spell,力を貸して！,"calling on magic, earnest and clear"
b_selma_hurt_1,selma,hurt,くっ！,"short clenched grunt of pain"
b_selma_hurt_2,selma,hurt,まだっ……！,"hurt but refusing to give ground, strained"
b_selma_ko_1,selma,ko,ごめん……持ち場を……,"collapsing, weak and regretful, fading"
b_selma_victory_1,selma,victory,異常なし。先へ進みましょう。,"brisk report like a guard, a small satisfied smile"
b_hagen_attack_1,hagen,attack,おらぁ！,"rough heavy swing, gruff shout"
b_hagen_attack_2,hagen,attack,ふんっ！,"short heavy grunt with a big blow"
b_hagen_attack_3,hagen,attack,どけぇ！,"bellowing, barging through"
b_hagen_bigtech_1,hagen,bigtech,割増料金だ、受け取れ！,"wry grin, then a full-power swing, booming"
b_hagen_bigtech_2,hagen,bigtech,まとめて片づける！,"confident veteran, heavy and loud"
b_hagen_spell_1,hagen,spell,柄じゃねえがな！,"awkward about magic, gruff and a little embarrassed"
b_hagen_hurt_1,hagen,hurt,ぐおっ！,"deep pained grunt"
b_hagen_hurt_2,hagen,hurt,ちっ……！,"annoyed click of the tongue, hurt"
b_hagen_ko_1,hagen,ko,割に……合わねえ……,"collapsing, bitter wry mutter, fading"
b_hagen_victory_1,hagen,victory,さて、取り分の話をしようか。,"relaxed, smug, rubbing his hands about the pay"
b_dokka_attack_1,dokka,attack,ぬんっ！,"stocky old dwarf-like smith, heavy grunt"
b_dokka_attack_2,dokka,attack,そりゃあ！,"hearty swing, loud"
b_dokka_attack_3,dokka,attack,砕けい！,"old-fashioned command, crushing blow"
b_dokka_bigtech_1,dokka,bigtech,鉄より硬いか、試してやる！,"gruff challenge with relish, loud"
b_dokka_bigtech_2,dokka,bigtech,岩をも割る一撃じゃ！,"proud craftsman's boast, booming"
b_dokka_spell_1,dokka,spell,大地よ、応えい！,"rumbling old-fashioned call to the earth"
b_dokka_hurt_1,dokka,hurt,ぬうっ！,"stubborn low grunt"
b_dokka_hurt_2,dokka,hurt,なんの！,"brushing off the hit, tough"
b_dokka_ko_1,dokka,ko,無念……じゃ……,"collapsing, heavy regret, fading"
b_dokka_victory_1,dokka,victory,ふむ、いい汗をかいたわい。,"satisfied old smith, chuckling"
b_basil_attack_1,basil,attack,えいっ！,"big gentle monk, earnest strike"
b_basil_attack_2,basil,attack,はあっ！,"deep powerful exhale with a blow"
b_basil_attack_3,basil,attack,参ります！,"polite, then firm as he strikes"
b_basil_bigtech_1,basil,bigtech,神よ、お許しを！,"apologetic to his god, then a mighty blow"
b_basil_bigtech_2,basil,bigtech,祈りと共に、参ります！,"calm solemn resolve, rising to full power"
b_basil_spell_1,basil,spell,慈しみの光を！,"warm devout prayer, clear"
b_basil_hurt_1,basil,hurt,うぐっ！,"deep grunt of pain"
b_basil_hurt_2,basil,hurt,耐えます……！,"enduring, polite even in pain"
b_basil_ko_1,basil,ko,神よ……皆を……,"falling, a faint prayer for the others"
b_basil_victory_1,basil,victory,皆さん、お怪我はありませんか。,"kind, caring, relieved"
b_bartolo_attack_1,bartolo,attack,甘いわ！,"old knight, scornful and sharp"
b_bartolo_attack_2,bartolo,attack,そこじゃ！,"experienced eye, precise thrust"
b_bartolo_attack_3,bartolo,attack,せいやっ！,"old-school battle cry, vigorous"
b_bartolo_bigtech_1,bartolo,bigtech,若造には、まだ負けんぞ！,"proud veteran, spirited and loud"
b_bartolo_bigtech_2,bartolo,bigtech,老骨の意地、見せてくれよう！,"dignified old knight, grand and resolute"
b_bartolo_spell_1,bartolo,spell,古き誓いにかけて！,"knightly solemn oath"
b_bartolo_hurt_1,bartolo,hurt,ぐぬっ！,"old man's grunt of pain"
b_bartolo_hurt_2,bartolo,hurt,腰が……っ！,"comic pained groan, his back hurts"
b_bartolo_ko_1,bartolo,ko,ここらが……潮時か……,"collapsing, calm wistful acceptance"
b_bartolo_victory_1,bartolo,victory,うむ。……少し、腰に響いたわい。,"satisfied nod, then a wry groan about his back"
b_viola_attack_1,viola,attack,やあっ！,"elegant fencer, crisp high cry"
b_viola_attack_2,viola,attack,下がりなさい！,"haughty noble command"
b_viola_attack_3,viola,attack,優雅に！,"light and graceful, confident"
b_viola_bigtech_1,viola,bigtech,炎よ、風よ、舞いなさい！,"noble lady commanding flame and wind, grand"
b_viola_bigtech_2,viola,bigtech,とくとご覧なさい！,"proud, showing off, dazzling"
b_viola_spell_1,viola,spell,風よ、従いなさい！,"aristocratic command, cool"
b_viola_hurt_1,viola,hurt,きゃっ！,"short sharp startled cry"
b_viola_hurt_2,viola,hurt,無礼者っ！,"indignant, offended by the hit"
b_viola_ko_1,viola,ko,こんな……無様な……,"collapsing, wounded pride, fading"
b_viola_victory_1,viola,victory,当然ね。服は……無事かしら。,"haughty, then checking her clothes with worry"
b_shigure_attack_1,shigure,attack,ふっ！,"quiet swordsman, sharp short exhale"
b_shigure_attack_2,shigure,attack,遅い。,"cool, low, almost bored"
b_shigure_attack_3,shigure,attack,……そこ。,"calm, low, precise"
b_shigure_bigtech_1,shigure,bigtech,……雨の音が、聞こえる。,"deep calm focus, quiet and low, then stillness"
b_shigure_bigtech_2,shigure,bigtech,一太刀で、足りる。,"cold certainty, low and steady"
b_shigure_spell_1,shigure,spell,散れ。,"short low command"
b_shigure_hurt_1,shigure,hurt,……ぬかった。,"low self-reproach, restrained pain"
b_shigure_hurt_2,shigure,hurt,浅い。,"unshaken, dismissing the wound"
b_shigure_ko_1,shigure,ko,不覚……,"collapsing, a single low word"
b_shigure_victory_1,shigure,victory,……他愛ない。,"quiet, sheathing his blade, cool"
b_rouga_attack_1,rouga,attack,おりゃあ！,"hot-blooded martial artist, energetic"
b_rouga_attack_2,rouga,attack,せいっ！,"sharp punch kiai"
b_rouga_attack_3,rouga,attack,でりゃっ！,"fast combo shout"
b_rouga_bigtech_1,rouga,bigtech,燃えてきたぜ！,"fired up, thrilled, loud"
b_rouga_bigtech_2,rouga,bigtech,この一撃に、全部のせる！,"all-out, passionate, powerful"
b_rouga_spell_1,rouga,spell,気合いだぁっ！,"forcing magic out with sheer spirit"
b_rouga_hurt_1,rouga,hurt,ぐはっ！,"winded grunt"
b_rouga_hurt_2,rouga,hurt,効かねえ！,"grinning through the pain, defiant"
b_rouga_ko_1,rouga,ko,まだ……やれる……のに……,"collapsing, frustrated, fading"
b_rouga_victory_1,rouga,victory,よっしゃあ！次はもっと強いやつだ！,"excited, pumped, eager"
b_titta_attack_1,titta,attack,もらいっ！,"cheeky street kid, quick and playful"
b_titta_attack_2,titta,attack,すきあり！,"nimble, teasing"
b_titta_attack_3,titta,attack,ていっ！,"light quick stab"
b_titta_bigtech_1,titta,bigtech,見えてるよ、そのすき！,"sly grin, confident, quick"
b_titta_bigtech_2,titta,bigtech,ちょろいちょろい！,"cocky and playful"
b_titta_spell_1,titta,spell,えーい、なんとかなれ！,"not good at magic, trying anyway, energetic"
b_titta_hurt_1,titta,hurt,いったぁ！,"young girl's pained yelp"
b_titta_hurt_2,titta,hurt,うわっ！,"startled cry"
b_titta_ko_1,titta,ko,ずるいよ……もう……,"collapsing, sulky and weak"
b_titta_victory_1,titta,victory,やった！戦利品、戦利品っと！,"gleeful, bouncing, greedy for loot"
b_brigitta_attack_1,brigitta,attack,たあっ！,"disciplined soldier, clean shout"
b_brigitta_attack_2,brigitta,attack,仕留める！,"focused, calm determination"
b_brigitta_attack_3,brigitta,attack,狙い通り！,"cool satisfaction on a precise hit"
b_brigitta_bigtech_1,brigitta,bigtech,一点、貫く！,"steady aim, then a powerful thrust"
b_brigitta_bigtech_2,brigitta,bigtech,動かないで。……今！,"quiet aiming, then a sharp release"
b_brigitta_spell_1,brigitta,spell,願いを、力に！,"earnest, steady"
b_brigitta_hurt_1,brigitta,hurt,くうっ！,"short restrained cry"
b_brigitta_hurt_2,brigitta,hurt,まだ立てる！,"tough, reassuring the others"
b_brigitta_ko_1,brigitta,ko,持ちこたえ……られない……,"collapsing, apologetic, fading"
b_brigitta_victory_1,brigitta,victory,周囲、よし。……甘い物、食べたいな。,"crisp soldier's report, then a soft girlish wish"
b_sylvain_attack_1,sylvain,attack,射抜く。,"ageless forest archer, calm and clear"
b_sylvain_attack_2,sylvain,attack,風を読む。,"quiet, measured"
b_sylvain_attack_3,sylvain,attack,……ここだ。,"soft, precise"
b_sylvain_bigtech_1,sylvain,bigtech,百年の弓、受けてみよ。,"serene pride, calm authority"
b_sylvain_bigtech_2,sylvain,bigtech,森の風よ、矢に宿れ。,"gentle incantation, clear and airy"
b_sylvain_spell_1,sylvain,spell,森よ、目覚めよ。,"calm, resonant"
b_sylvain_hurt_1,sylvain,hurt,む……っ,"restrained soft grunt"
b_sylvain_hurt_2,sylvain,hurt,少し、効いた。,"calm understatement"
b_sylvain_ko_1,sylvain,ko,森へ……還る……のか……,"collapsing, quiet wonder, fading"
b_sylvain_victory_1,sylvain,victory,静かになったな。……やはり、この方がいい。,"peaceful, relieved at the quiet"
b_zafira_attack_1,zafira,attack,はいっ！,"dancer, light rhythmic cry"
b_zafira_attack_2,zafira,attack,ステップ！,"playful, on the beat"
b_zafira_attack_3,zafira,attack,ほらほらっ！,"teasing, spinning"
b_zafira_bigtech_1,zafira,bigtech,さあ、踊りましょ！,"alluring, playful invitation, lively"
b_zafira_bigtech_2,zafira,bigtech,見とれてる場合？,"teasing smirk, confident"
b_zafira_spell_1,zafira,spell,舞えば、届くわ！,"graceful, singing tone"
b_zafira_hurt_1,zafira,hurt,痛っ！,"short sharp yelp"
b_zafira_hurt_2,zafira,hurt,もうっ！,"annoyed pout"
b_zafira_ko_1,zafira,ko,最後まで……踊りたかった……,"collapsing, wistful, fading"
b_zafira_victory_1,zafira,victory,拍手はいらないわ。光る物なら歓迎よ。,"playful bow, cheeky smile"
b_ferno_attack_1,ferno,attack,それっ！,"light-hearted bard, airy"
b_ferno_attack_2,ferno,attack,ほいっと！,"casual, playful"
b_ferno_attack_3,ferno,attack,一曲いこう！,"cheerful, theatrical"
b_ferno_bigtech_1,ferno,bigtech,英雄譚の一節を、君に！,"theatrical, grand declamation"
b_ferno_bigtech_2,ferno,bigtech,旋律よ、矢となれ！,"lyrical, rising"
b_ferno_spell_1,ferno,spell,古き歌よ、響け！,"sonorous, melodic"
b_ferno_hurt_1,ferno,hurt,おっと！,"surprised, light"
b_ferno_hurt_2,ferno,hurt,痛いなあ！,"complaining playfully"
b_ferno_ko_1,ferno,ko,歌の……続きは……,"collapsing, wistful, fading"
b_ferno_victory_1,ferno,victory,いい戦いだった。一曲書けそうだ。,"pleased, inspired, warm"
b_belladonna_attack_1,belladonna,attack,そらっ！,"sly peddler woman, quick"
b_belladonna_attack_2,belladonna,attack,効くわよ！,"knowing smirk"
b_belladonna_attack_3,belladonna,attack,ちくっとね！,"teasing, amused"
b_belladonna_bigtech_1,belladonna,bigtech,特製の一服、お代は結構！,"shrewd merchant's grin, confident"
b_belladonna_bigtech_2,belladonna,bigtech,毒も薬も、使いよう！,"sly, knowing"
b_belladonna_spell_1,belladonna,spell,よく効く一滴を！,"practical, confident"
b_belladonna_hurt_1,belladonna,hurt,いたっ！,"short pained yelp"
b_belladonna_hurt_2,belladonna,hurt,高くつくわよ！,"annoyed, threatening payback"
b_belladonna_ko_1,belladonna,ko,薬……もう一本……,"collapsing, reaching for a potion, fading"
b_belladonna_victory_1,belladonna,victory,毎度あり。……なんてね。,"merchant's thanks, then a playful laugh"
b_boden_attack_1,boden,attack,ほれっ！,"spry old miner, brisk"
b_boden_attack_2,boden,attack,どっこい！,"old man's heave"
b_boden_attack_3,boden,attack,掘るぞ！,"gleeful, like swinging a pick"
b_boden_bigtech_1,boden,bigtech,四十年の腕、見せてやる！,"proud old craftsman, loud"
b_boden_bigtech_2,boden,bigtech,若い頃なら、もっといけた！,"boastful old man, cheerful"
b_boden_spell_1,boden,spell,岩よ、砕けろ！,"gruff old-man command"
b_boden_hurt_1,boden,hurt,おうっ！,"old man's grunt"
b_boden_hurt_2,boden,hurt,あいたた……,"old man's groan"
b_boden_ko_1,boden,ko,落盤……か……,"collapsing, confused, fading"
b_boden_victory_1,boden,victory,どうじゃ、まだまだ現役じゃろ！,"proud and cheerful old man"
b_teo_attack_1,teo,attack,とりゃっ！,"cocky young boy, energetic"
b_teo_attack_2,teo,attack,当たれ！,"eager boy"
b_teo_attack_3,teo,attack,いっけー！,"excited boy"
b_teo_bigtech_1,teo,bigtech,見たか、天才の実力！,"boastful young boy, very excited"
b_teo_bigtech_2,teo,bigtech,教科書どおり、完璧！,"smug, proud little genius"
b_teo_spell_1,teo,spell,燃えちゃえ！,"excited boy casting fire"
b_teo_hurt_1,teo,hurt,いてっ！,"boy's yelp"
b_teo_hurt_2,teo,hurt,うわあっ！,"boy's startled cry"
b_teo_ko_1,teo,ko,こんなの……習って……ない……,"collapsing, whining, fading"
b_teo_victory_1,teo,victory,ふふん、ぼくが天才でよかったね！,"smug little boy, cheerful"
b_ilse_attack_1,ilse,attack,やっ。,"dreamy stargazer, soft cry"
b_ilse_attack_2,ilse,attack,当たって。,"gentle, hopeful"
b_ilse_attack_3,ilse,attack,そこ、かな。,"airy, slightly unsure"
b_ilse_bigtech_1,ilse,bigtech,星の巡りは、こちらに味方。,"mysterious calm smile"
b_ilse_bigtech_2,ilse,bigtech,今夜の星なら……いける。,"dreamy, then quietly sure"
b_ilse_spell_1,ilse,spell,星よ、導いて。,"soft, reverent"
b_ilse_hurt_1,ilse,hurt,ひゃっ！,"startled little cry"
b_ilse_hurt_2,ilse,hurt,うう……,"soft whimper"
b_ilse_ko_1,ilse,ko,まだ……夜は……明けないのに……,"collapsing, sleepy and fading"
b_ilse_victory_1,ilse,victory,吉と出たわね。……ふわぁ、眠い。,"pleased, then a sleepy yawn"
b_morga_attack_1,morga,attack,ふふっ。,"eerie graveyard witch, amused low chuckle"
b_morga_attack_2,morga,attack,お眠り。,"soft, eerie, low"
b_morga_attack_3,morga,attack,奪うわよ。,"calm, sinister smile"
b_morga_bigtech_1,morga,bigtech,その力、少しいただくわ。,"silky, amused, eerie"
b_morga_bigtech_2,morga,bigtech,闇は、優しいのよ？,"soft, teasing, slightly creepy"
b_morga_spell_1,morga,spell,暗き影よ、おいで。,"low incantation, eerie"
b_morga_hurt_1,morga,hurt,あら、痛い。,"unbothered, dry"
b_morga_hurt_2,morga,hurt,……やるわね。,"low, amused respect"
b_morga_ko_1,morga,ko,ふふ……わたしの番……かしら……,"collapsing, faint wry laugh"
b_morga_victory_1,morga,victory,静かになったわね。……お墓は要るかしら？,"dark humor, calm smile"
b_marta_attack_1,marta,attack,このっ！,"brisk doctor, firm"
b_marta_attack_2,marta,attack,そこよ！,"decisive"
b_marta_attack_3,marta,attack,じっとして！,"stern, like to a patient"
b_marta_bigtech_1,marta,bigtech,無茶はさせないわよ！,"strict and caring, strong"
b_marta_bigtech_2,marta,bigtech,手早く済ませるわ！,"efficient, confident"
b_marta_spell_1,marta,spell,癒やしの水よ！,"calm and warm"
b_marta_hurt_1,marta,hurt,つっ……！,"short hiss of pain"
b_marta_hurt_2,marta,hurt,平気、かすり傷！,"brushing it off, professional"
b_marta_ko_1,marta,ko,誰か……手当てを……,"collapsing, fading"
b_marta_victory_1,marta,victory,はい、みんな並んで。傷を見せなさい。,"brisk, caring, a little bossy"
b_noela_attack_1,noela,attack,えいやっ！,"young shrine maiden, earnest"
b_noela_attack_2,noela,attack,とうっ！,"energetic, trying hard"
b_noela_attack_3,noela,attack,お覚悟を！,"polite but determined"
b_noela_bigtech_1,noela,bigtech,泉の神さま、お力を！,"earnest prayer, rising"
b_noela_bigtech_2,noela,bigtech,いきます、全力です！,"eager, a bit flustered, loud"
b_noela_spell_1,noela,spell,光よ、みんなを！,"sincere, bright"
b_noela_hurt_1,noela,hurt,きゃあっ！,"high startled cry"
b_noela_hurt_2,noela,hurt,あわわっ！,"flustered"
b_noela_ko_1,noela,ko,すみません……もう……,"collapsing, apologetic"
b_noela_victory_1,noela,victory,やりました！……あれ、今のわたしですか？,"joyful, then surprised at herself"
