id,boss,kind,move,text,direction
bv_sandking_start_1,b_sandking,start,,名を持つ者よ……砂に還れ。,"a mad nameless king rising from his throne; hollow, hostile, slow and dry"
bv_sandking_enrage_1,b_sandking,enrage,,返せ……わが名を、返せ！,"bandages coming loose, rage and anguish breaking out; hoarse shout at the end"
bv_sandking_ult_1,b_sandking,ult,eb_king_judgment,砂の審判を受けよ！,"raising his sand staff, a royal judgement pronounced with terrible authority"
bv_sandking_defeat_1,b_sandking,defeat,,わが名は……どこに……。,"collapsing, sand pouring out; lost and pitiful, fading"
bv_icegiant_start_1,b_icegiant,start,,峰を荒らす者は、つぶす……。,"slow menacing rumble, an ice wall standing up"
bv_icegiant_enrage_1,b_icegiant,enrage,,ぬうう……許さぬ……！,"deep growl swelling into fury"
bv_icegiant_ult_1,b_icegiant,ult,eb_avalanche_drop,雪に、埋もれよ……！,"tearing down the snow wall; heavy, crushing command"
bv_icegiant_defeat_1,b_icegiant,defeat,,峰を……守れ、なんだ……。,"toppling over, a slow heavy dying groan, old-fashioned speech"
bv_whitedragon_start_1,b_whitedragon,start,,凍てつくがよい。何もかも。,"cold majestic dragon, contempt and grief frozen together; low and resonant"
bv_whitedragon_enrage_1,b_whitedragon,enrage,,この胸の痛みは……何だ……！,"the ice in her chest cracking; confused pain turning into rage"
bv_whitedragon_ult_1,b_whitedragon,ult,eb_glacier_fall,氷河よ、落ちよ！,"calling down a glacier from the sky; grand, commanding"
bv_whitedragon_defeat_1,b_whitedragon,defeat,,わたしは……何を守っていた……？,"kneeling, the frost leaving her voice; bewildered, almost gentle"
bv_mistbeast_start_1,b_mistbeast,start,,……アソボウ……キリノ……ナカデ……。,"a broken imitation of a kind woman luring children; eerie sing-song whisper"
bv_mistbeast_enrage_1,b_mistbeast,enrage,,……カエサナイ……カエサナイ……！,"the mask slipping; hissing, greedy, getting louder"
bv_mistbeast_defeat_1,b_mistbeast,defeat,,……カネ……ノ……オト……。,"dissolving into the bog at the sound of a bell; a fading, frightened rasp"
bv_captain_start_1,b_captain,start,,おれの船から、出ていけ！,"a confused ghost captain roaring at intruders on his ship"
bv_captain_enrage_1,b_captain,enrage,,帰るんだ……邪魔をするな！,"desperate and furious, clinging to the one thing he remembers"
bv_captain_ult_1,b_captain,ult,eb_captain_barrage,撃て、撃てぇ！,"bellowing a fire order to a ghost crew, wild"
bv_captain_defeat_1,b_captain,defeat,,おれは……どこへ、帰るんだった……。,"sinking down, lost and sad, fading"
bv_ironwarden_start_1,b_ironwarden,start,,誓いなき者は、打ち砕く。,"an ancient iron guardian pronouncing a sentence; slow, stern, metallic"
bv_ironwarden_enrage_1,b_ironwarden,enrage,,炉よ、燃え上がれ。,"his furnace heart flaring; a low command, heat rising"
bv_ironwarden_ult_1,b_ironwarden,ult,eb_anvil_drop,砕けよ。,"one heavy word as the anvil arm falls"
bv_ironwarden_defeat_1,b_ironwarden,defeat,,鍛冶神よ……約束は……。,"grinding to a halt, a faithful old machine's last words"
bv_orrery_start_1,b_orrery,start,,……シンニュウシャ、ハイジョ……。,"a broken star-orrery automaton; flat mechanical syllables"
bv_orrery_enrage_1,b_orrery,enrage,,……ケイカイ、サイダイ……。,"mechanical alarm, faster and harsher syllables"
bv_orrery_ult_1,b_orrery,ult,eb_orrery_eclipse,……ニッショク、カイシ……。,"cold mechanical announcement of an eclipse"
bv_orrery_defeat_1,b_orrery,defeat,,……ホシノナ……オモイダセ……ナイ……。,"winding down, syllables slowing and dropping in pitch"
bv_rowell1_start_1,b_rowell1,start,,記録官として、手加減はしない。,"cool and proud, drawing his silver pen like a rapier"
bv_rowell1_enrage_1,b_rowell1,enrage,,……少しは、やるようだな。,"annoyed, getting serious, a thin sarcastic edge"
bv_rowell1_ult_1,b_rowell1,ult,eb_rowell_verdict,この一行で、終わりだ！,"a decisive strike, sharp and confident"
bv_rowell1_defeat_1,b_rowell1,defeat,,ばかな……おれが、押し負ける……？,"stumbling back, shocked and offended"
bv_rowell2_start_1,b_rowell2,start,,行くぞ、語り部！,"no hesitation this time, fierce and determined"
bv_rowell2_enrage_1,b_rowell2,enrage,,おれは……負けられないんだ！,"pushing away his doubt with a shout, strained"
bv_rowell2_ult_1,b_rowell2,ult,eb_rowell_redact,抹消する！,"striking out a line with all his strength, sharp"
bv_rowell2_defeat_1,b_rowell2,defeat,,……どうして、だ……。,"beaten, breathless and lost, quiet"
bv_shade_sword_start_1,b_shade_sword,start,,……魔王は、どこだ……。,"a white shadow of a legendary swordsman; distant, dreamlike, searching"
bv_shade_sword_enrage_1,b_shade_sword,enrage,,まだ……倒れるわけには……！,"a hero's stubborn will, echoing from far away"
bv_shade_sword_defeat_1,b_shade_sword,defeat,,……ようやく、眠れる……。,"relieved, fading into light"
bv_shade_prayer_enrage_1,b_shade_prayer,enrage,,祈りは……絶えません……！,"a temple maiden's shadow; gentle but unyielding prayer"
bv_shade_prayer_defeat_1,b_shade_prayer,defeat,,……ありがとう……。,"a soft grateful whisper, fading into light"
bv_shade_star_enrage_1,b_shade_star,enrage,,わたしたちの名を……呼んで……！,"a mage girl's shadow pleading, almost crying"
bv_shade_star_defeat_1,b_shade_star,defeat,,……覚えていて、くれたのね……。,"surprised and happy, fading into light"
bv_lazaro_start_1,b_lazaro,start,,静かに、終わらせてあげましょう。,"polite, chillingly calm, like a kind teacher"
bv_lazaro_enrage_1,b_lazaro,enrage,,なぜ……忘れさせてくれないのです！,"the calm breaking; grief and anger rising"
bv_lazaro_ult_1,b_lazaro,ult,eb_lazaro_redact,この行は、いらない。,"cold and quiet, erasing a line with his red pen"
bv_lazaro_ult_2,b_lazaro,ult,eb_lazaro_rewrite,わたしの記録を、書き直します。,"calm and precise, rewriting his own page"
bv_lazaro_defeat_1,b_lazaro,defeat,,ミラ……わたしは……。,"falling to his knees, calling his lost daughter's name, broken"
bv_nemrea1_start_1,b_nemrea1,start,,抗うな。忘れれば、楽になる。,"primordial oblivion; vast, cold, contemptuous and slow"
bv_nemrea1_enrage_1,b_nemrea1,enrage,,なぜ……消えぬ……！,"the vast voice shaking with fury for the first time"
bv_nemrea1_ult_1,b_nemrea1,ult,eb_whiteout,白紙に還れ。,"an absolute command, heavy and final"
bv_nemrea1_defeat_1,b_nemrea1,defeat,,この器は……もう、いらぬ。,"discarding the body it had taken; cold, unbroken"
bv_nemrea2_start_1,b_nemrea2,start,,……眠い……。もう、閉じようよ……。,"sleepy and childlike, unsettlingly gentle"
bv_nemrea2_enrage_1,b_nemrea2,enrage,,どうして……閉じさせてくれないの……。,"sleepy whine turning into a sad tantrum"
bv_nemrea2_ult_1,b_nemrea2,ult,eb_nemrea2_close,この人の話は、ここでおしまい。,"closing a book like putting a child to bed; soft and terrible"
bv_nemrea2_ult_2,b_nemrea2,ult,eb_eight_legends,八つの伝承も、白紙に……。,"dreamy and slow, letting the legends go"
bv_nemrea2_ult_3,b_nemrea2,ult,eb_nemrea_rewrite,わたしを……書き直す……。,"murmuring, half asleep, rewriting itself"
bv_nemrea2_defeat_1,b_nemrea2,defeat,,……名前……あたたかい……。,"falling asleep in wonder, very soft"
bv_valzard_echo_start_1,b_valzard_echo,start,,恐れよ。それが、われのすべてだ。,"the echo of a demon lord; deep, slow, weary dread"
bv_valzard_echo_enrage_1,b_valzard_echo,enrage,,光の……紋章……！,"recognising the crest that once destroyed him; dread and rage"
bv_valzard_echo_ult_1,b_valzard_echo,ult,eb_echo_despair,絶望に、沈め！,"a crushing roar of despair"
bv_valzard_echo_defeat_1,b_valzard_echo,defeat,,忘れられ……恐れも、消える……。,"dissolving, almost relieved, fading echo"
bv_ouroboros_start_1,b_ouroboros,start,,おまえたちの結末、いただこう。,"an ancient ring dragon that eats the ends of stories; vast, amused, hungry"
bv_ouroboros_enrage_1,b_ouroboros,enrage,,輪を……ほどかせはせぬ！,"the ring loosening; furious, booming"
bv_ouroboros_ult_1,b_ouroboros,ult,eb_ouro_end,輪の終わりだ。,"final and heavy, savouring it"
bv_ouroboros_ult_2,b_ouroboros,ult,eb_rewind,時よ、戻れ。,"calm, ancient command over time"
bv_ouroboros_ult_3,b_ouroboros,ult,eb_tail_devour,わが尾よ、力となれ。,"devouring its own tail, a deep satisfied rumble"
bv_ouroboros_defeat_1,b_ouroboros,defeat,,終わらぬ物語など……ない、か……。,"uncoiling and fading; quiet, almost wistful"
bv_tamer_start_1,b_tamer,start,,行くぜ、相棒たち！,"a cheerful arena beast tamer whistling his beasts forward"
bv_tamer_enrage_1,b_tamer,enrage,,本気で行くぞ、おまえら！,"grinning, getting serious, rallying his beasts"
bv_tamer_defeat_1,b_tamer,defeat,,……参った。いい腕だ。,"good loser, out of breath, a sporting laugh"
bv_sister_elder_start_1,b_sister_elder,start,,姉妹の火、受けてごらんなさい。,"composed elder sister mage, elegant challenge"
bv_sister_elder_enrage_1,b_sister_elder,enrage,,スミ、気を抜かないで！,"sharp and focused, calling to her younger sister"
bv_sister_elder_defeat_1,b_sister_elder,defeat,,……ここまで、ね。,"kneeling, graceful acceptance, a small sigh"
bv_armorman_start_1,b_armorman,start,,ぐはは！　この鎧、破れるか？,"a huge armoured man laughing inside his helmet, boastful"
bv_armorman_enrage_1,b_armorman,enrage,,ぐぬう……やるではないか！,"hurt but delighted, booming"
bv_armorman_ult_1,b_armorman,ult,eb_barga_bash,ぶっ飛べぇ！,"charging with his shield, a huge shout"
bv_armorman_defeat_1,b_armorman,defeat,,鎧が……重い……。,"toppling over, a comic heavy groan"
bv_zakuro_start_1,b_zakuro,start,,手は抜かねえ。行くぞ。,"laconic hired fighter, hand on his sword hilt; low and blunt"
bv_zakuro_enrage_1,b_zakuro,enrage,,……ここからは、本気で行く。,"drawing his second sword; quiet and dangerous"
bv_zakuro_ult_1,b_zakuro,ult,eb_zakuro_iai,まずは癒やし手からだ。,"cold professional judgement before a quick-draw strike"
bv_zakuro_defeat_1,b_zakuro,defeat,,……見事だ。おれの負けだ。,"lowering his sword, honest respect, calm"
bv_hawk_chief_start_1,b_hawk_chief,start,,砂の上で、鷹に勝てると思うな。,"masked bandit chief, low quiet menace"
bv_hawk_chief_enrage_1,b_hawk_chief,enrage,,……面白い。少しは骨がある。,"a soldier's grim interest, tightening his grip"
bv_hawk_chief_ult_1,b_hawk_chief,ult,eb_hawk_storm,砂に、のまれろ！,"kicking up a sandstorm, fierce shout"
bv_hawk_chief_defeat_1,b_hawk_chief,defeat,,……くそ、ここまでか。,"beaten, bitter and tired"
bv_frost_admiral_start_1,b_frost_admiral,start,,総員、配置につけ！,"a frozen ghost admiral barking orders to a dead crew"
bv_frost_admiral_enrage_1,b_frost_admiral,enrage,,帰るのだ……港へ……！,"the ice cracking off; desperate longing turned to fury"
bv_frost_admiral_ult_1,b_frost_admiral,ult,eb_admiral_cannon,撃ち方、始め！,"a formal naval fire order, ringing"
bv_frost_admiral_defeat_1,b_frost_admiral,defeat,,冬至には……間に合わなんだか……。,"thawing and fading; old-fashioned, sad and gentle"
