id,speaker,kind,file,event,key,text,direction
v_otto_pharos_01,otto,story,v2/src/events/pharos_story.js,pharos_otto,first meeting (before party) say 1,わしは灯台守のオットー。\n灯台の火が消えてしまって、\nゆうべは眠れんかった。,"first meeting; tired and worried, a sleepless old man introducing himself with a heavy sigh"
v_otto_pharos_02,otto,story,v2/src/events/pharos_story.js,pharos_otto,first meeting (before party) say 2,……なに、灯台へ行くと？\nひとりで？ とんでもない。\n酒場「潮風亭」で仲間を見つけておいで。,"surprised, then protective and scolding like a grandfather; firm but kind at the end"
v_otto_pharos_03,otto,story,v2/src/events/pharos_story.js,pharos_otto,with party say 1,おお、仲間を連れてきたか。\nそれなら話は別じゃ。,"pleasantly surprised, relieved, a warm chuckle in the voice"
v_otto_pharos_04,otto,story,v2/src/events/pharos_story.js,pharos_otto,with party say 2,灯台の守り歌が、\nどうしても思い出せんのじゃ。\nあの歌がなけりゃ、火はつかん。,"quietly distressed, ashamed that his memory fails him; slow"
v_otto_pharos_05,otto,story,v2/src/events/pharos_story.js,pharos_otto,with party say 3,……頼む。\nこれが灯台の鍵じゃ。,"a heartfelt plea after a pause, handing over something precious; low and sincere"
v_otto_pharos_06,otto,story,v2/src/events/pharos_story.js,pharos_otto,after the key say 1,灯台は、町を出て南の\n岬の先じゃ。行く前に、\n戦いの心得を教えておこう。,"practical and steady, an old hand giving directions, a little proud to teach"
v_otto_tower_01,otto,story,v2/src/events/prologue_lighthouse.js,lighthouse_1_tutorial,say 1,中から、ネズミの鳴き声が……\n気をつけるんじゃ！,"hushed alarm, listening at the door, then a sharp warning"
v_otto_tower_02,otto,story,v2/src/events/prologue_lighthouse.js,lighthouse_1_tutorial,after a lost tutorial battle,……危なかったのう。\nひと息ついて、もう一度じゃ。,"relieved and encouraging, gentle"
v_otto_tower_03,otto,story,v2/src/events/prologue_lighthouse.js,lighthouse_1_tutorial,glimmer explained (technique; spell=false),今のは……『閃き』じゃな。\n戦いの中で、ふいに\n新しい技を思いつくことがある。,"impressed and delighted, an old man recognising something he has seen before"
v_otto_tower_04,otto,story,v2/src/events/prologue_lighthouse.js,lighthouse_1_tutorial,glimmer explained (spell; spell=true),今のは……『閃き』じゃな。\n戦いの中で、ふいに\n新しい術を思いつくことがある。,"impressed and delighted, an old man recognising something he has seen before"
v_otto_tower_05,otto,story,v2/src/events/prologue_lighthouse.js,lighthouse_1_tutorial,last say before leaving,わしは港へ戻っておる。\n上の灯室を、頼んだぞ。,"trusting, entrusting the task; warm and firm"
v_otto_reward_01,otto,story,v2/src/events/pharos_story.js,pharos_otto_reward,first time say 2 (the song),♪　海の果てまで、灯よ届け\n帰る舟に、道を照らせ……。,"he half-sings, half-hums the old lighthouse song he just got back, slow and a little shaky, full of emotion; a plain folk melody, not performed"
v_otto_reward_02,otto,story,v2/src/events/pharos_story.js,pharos_otto_reward,first time say 3,これは、わしが若いころから\n使ってきたランタンじゃ。\n持っていっておくれ。,"tender and grateful, giving a treasured keepsake"
v_otto_reward_03,otto,story,v2/src/events/pharos_story.js,pharos_otto_reward,first time say 4,若いころ、灯台には\n『朝番』というのがあってな。\n火が戻ったら、また立てるつもりじゃ。,"fond reminiscence, smiling, looking forward"
v_otto_reward_04,otto,story,v2/src/events/pharos_story.js,pharos_otto_reward,first time say 5,……はて。何を見張る番\nじゃったかのう。\nどうしても思い出せん。,"the smile fades into puzzlement; quiet, a little lost, unsettling in its gentleness"
v_berna_p2_01,berna,story,v2/src/events/prologue_roa.js,roa_berna,P2[0],そうそう、大事な話があるんだ。,"remembering something important, gently turning serious"
v_berna_p2_02,berna,story,v2/src/events/prologue_roa.js,roa_berna,P2[1],近ごろ、あちこちで\n伝承が消えていくんだよ。,"worried, lowering her voice"
v_berna_p2_03,berna,story,v2/src/events/prologue_roa.js,roa_berna,P2[2],歌の続きが出てこない。\n祭りの由来が分からない。\nそんな話ばかりさ。,"listing the signs with quiet sadness, unhurried"
v_berna_p2_04,berna,story,v2/src/events/prologue_roa.js,roa_berna,P2[3],わたしたち語り部は、それを\n『白紙』と呼んでいる。,"grave, naming something ominous with care"
v_berna_p2_05,berna,story,v2/src/events/prologue_roa.js,roa_berna,P2[4],里の語り石の文字も、\n半分が白く抜けてしまった。,"sad, looking toward the village stone"
v_berna_p2_06,berna,story,v2/src/events/prologue_roa.js,roa_berna,P2[5],それにね、港町ファロスの\n灯台の火が、細りはじめて三晩。\nきのう、とうとう消えたそうだ。,"telling news she has heard, concern growing to the last sentence"
v_berna_p2_07,berna,story,v2/src/events/prologue_roa.js,roa_berna,P2[6],あの灯台には、守り歌という\n古い伝承があってね。\nそれも、白紙になりかけている。,"a storyteller's voice, fond of the old tale, then worried"
v_berna_p2_08,berna,story,v2/src/events/prologue_roa.js,roa_berna,P2[8],ただし、ひとりで行っちゃ\nだめだよ。ファロスの酒場\n「潮風亭」で、仲間を探しなさい。,"a mentor's gentle warning, slightly stern then warm"
v_berna_p2_09,berna,story,v2/src/events/prologue_roa.js,roa_berna,P2[9],それから、これを持って\nお行き。,"kind, handing over a small parcel"
v_berna_seat_01,berna,story,v2/src/events/prologue_roa.js,roa_seat,say (berna_desk),昔からの習わしさ。\n誰の席かは……忘れちまったよ。,"light and matter-of-fact at first, then a small puzzled pause; a hint of sadness she does not notice"
v_berna_depart_01,berna,story,v2/src/events/pharos_story.js,pharos_departure,say after the chapter caption (rumours),うわさは酒場に集まるものさ。\nまずは港の酒場で\n聞いてごらん。,"cheerful advice, a knowing smile"
v_berna_depart_02,berna,story,v2/src/events/pharos_story.js,pharos_departure,farewell (the first forgetting),わたしは里へ帰るよ。\n……いってらっしゃい、,"warm farewell; after いってらっしゃい she starts to say the apprentice's name and cannot find it: the line trails off unfinished, a tiny stall"
v_berna_home_01,berna,story,v2/src/events/prologue_roa.js,roa_berna,after prologue pick (default),おかえり。年代記は、\nちゃんと書いているかい？,"welcoming someone home, teasing a little"
v_berna_home_02,berna,story,v2/src/events/prologue_roa.js,roa_berna,after prologue pick cleared_r_forest,森の灯が戻ったそうだね。\n語り石の文字が、ほんの少し\n読めるようになった気がするよ。,"proud and moved, quietly happy"
v_berna_home_03,berna,story,v2/src/events/prologue_roa.js,roa_berna,stay morning (E.stay o.morning),よく眠れたかい？\n……さあ、いってらっしゃい。,"soft morning voice, gentle send-off"
v_fine_forest_02,fine,story,v2/src/events/forest_elder.js,elder_fine,say 2 (after v_fine_forest_01),……気をつけて。,"barely above a whisper, sincere, as she turns to go"
v_fine_windhill_01,fine,story,v2/src/events/optional_windhill.js,windhill_notes,say (grey-cloaked girl),……風も、歌を覚えているのね。,"wistful and faintly amused, like talking to herself on a windy hill"
v_fine_opening_01,fine,story,v2/src/events/prologue_roa.js,roa_house_intro,caption 1 (ev.caption voice; owner 2026-09-27),……ねえ、聞こえる？,"the opening of the game over black: an intimate whisper to the player, a voice from very far away"
v_fine_opening_02,fine,story,v2/src/events/prologue_roa.js,roa_house_intro,caption 2,これは、忘れられかけた物語。,"soft storyteller's narration, slow"
v_fine_opening_03,fine,story,v2/src/events/prologue_roa.js,roa_house_intro,caption 3,そして、それを語り直した、\nひとりの語り部の物語。,"narration, a quiet warmth and hope on the last words"
v_rowell_pharos_01,rowell,story,v2/src/events/pharos_story.js,pharos_rowell,repeat talk pick prologue_done,灯台に火が戻っただと？\n……写し取ったはずの歌が、\nどうして。,"stunned disbelief, then a shaken half-whisper; the first crack in his certainty"
v_rowell_pharos_02,rowell,story,v2/src/events/pharos_story.js,pharos_rowell,repeat talk pick prologue_key,灯台守から鍵を借りたそうだな。\n……火をともせるものなら、\nともしてみるがいい。,"cool and sarcastic, a challenge"
v_rowell_pharos_03,rowell,story,v2/src/events/pharos_story.js,pharos_rowell,repeat talk pick default,まだいたのか。\n写し取った伝承は、本院で\n大切に保管される。,"curt and dismissive, bureaucratic pride"
v_elm_forest_07,elm,story,v2/src/events/forest_elder.js,elder_elm,say array page 1,森の道は、もう閉ざさぬ。\n夏至の歌も、村の者たちが\nまた歌ってくれるだろう。,"calm and grateful, slow and resonant"
v_elm_forest_08,elm,story,v2/src/events/forest_elder.js,elder_elm,say array page 2,ただ、迷いの森の魔物は、\nわたしにも鎮められぬ。\n腕を磨くには、よいだろう。,"wise, a faint dry humour at the end"
v_tadeo_greet_01,tadeo,bark,v2/src/events/pharos_people.js,pharos_tadeo,bark: when the talk opens,よい灯りを。,"the world's everyday greeting in the endless night; a businesslike oil merchant, friendly, brief"
v_fishwife_greet_01,fishwife,bark,v2/src/events/pharos_people.js,pharos_fishwife,bark: when the talk opens,よい灯りを。,"brisk, cheerful harbour woman greeting a passer-by"
v_gateguard_greet_01,gateguard,bark,v2/src/events/pharos_people.js,pharos_gateguard,bark: when the talk opens,よい灯りを、旅の方。,"a town gate guard, polite and a bit formal"
v_master_greet_01,master,bark,v2/src/events/pharos_story.js,pharos_tavern_master,bark: when the talk opens,いらっしゃい。,"a tavern keeper welcoming a guest, warm and easygoing"
v_gord_greet_01,gord,bark,v2/src/events/forest_fern.js,gord (fern),bark: when the talk opens,おう、あんたか。,"a gruff woodcutter chief, tired but glad to see someone"
v_hanna_greet_01,hanna,bark,v2/src/events/forest_fern.js,hanna (fern),bark: when the talk opens,おや、旅の方。,"a kind old village woman, gentle surprise"
v_rita_greet_01,rita,bark,v2/src/events/forest_fern.js,rita (fern),bark: when the talk opens,あ、語り部さん。,"a young village singer, clear and bright, a little shy"
v_pim_greet_01,pim,bark,v2/src/events/forest_fern.js,pim_after (fern),bark: when the talk opens (after the rescue),あっ、語り部さん！,"a ten-year-old boy, excited and happy"
v_fine_song_01,fine,story,v2/src/events/prologue_roa.js,roa_house_intro,caption after 「……ねえ、聞こえる？」 (the lighthouse song over black; ev.caption voice),♪　海の果てまで、灯よ届け\n帰る舟に、道を照らせ,"the very start of the game, over black: she softly sings-speaks the old lighthouse lullaby like someone rocking a cradle, very slow, a gentle rise and fall on each phrase, a long tender pause between the two lines, warm and hushed; a plain chanted folk lullaby, not a performed song"
v_fine_song_02,fine,story,v2/src/events/prologue_lighthouse.js,lighthouse_3_boss,caption after the Page Eater (the song comes back on the paper; ev.caption voice),♪　海の果てまで、灯よ届け\n帰る舟に、道を照らせ,"the lost words slowly reappear on a slip of paper and she reads the lighthouse song back to life as a lullaby: slow chant-like cadence, soft wonder and quiet relief, each phrase lingering and fading, hushed like singing a child to sleep; not a performed song"
v_berna_intro_01,berna,story,v2/src/events/prologue_roa.js,roa_house_intro,E.say after ev.createHero (the name shows first; the voice skips {hero}),……うん、いい名前だ。,"after hearing the new apprentice's name: a short, clear, affirmative nod-word うん (yes — not a hesitant hmm), then warm fond approval like a grandmother, a small smile in the voice"
v_berna_p2_10,berna,story,v2/src/events/prologue_roa.js,roa_berna,P2[7] (the name shows first; the voice skips {hero}),行っておくれ。\n語り部の見習いとしての、\n最初の仕事だよ。,"sending her apprentice off on the first real job: gentle but firm, proud and a little moved, unhurried"
